sep=;
;Unit:C
;
24000732-COM3;2
Time stamp;24000732-Channel_01;24000732-Channel_02
 ;1;2
2026/09/29 16:39:00;21,3;20,8
2026/09/29 16:39:01;21,3;20,7
2026/09/29 16:39:02;21,3;20,8
2026/09/29 16:39:03;21,2;20,8
2026/09/29 16:39:04;21,3;20,7
2026/09/29 16:39:05;21,3;20,7
2026/09/29 16:39:06;21,2;20,8
2026/09/29 16:39:07;21,1;20,9
2026/09/29 16:39:08;21,2;20,8
2026/09/29 16:39:09;21,2;20,9
2026/09/29 16:39:10;21,2;20,9
2026/09/29 16:39:11;21,2;20,9
2026/09/29 16:39:12;21,1;20,8
2026/09/29 16:39:13;21,1;20,9
2026/09/29 16:39:14;20,1;20,9
2026/09/29 16:39:15;16,2;20,9
2026/09/29 16:39:16;9,3;20,8
2026/09/29 16:39:17;0,7;20,7
2026/09/29 16:39:18;-9,3;20,6
2026/09/29 16:39:19;-19,8;20,3
2026/09/29 16:39:20;-26,9;19,6
2026/09/29 16:39:21;-35,2;18,2
2026/09/29 16:39:22;-35,2;16,5
2026/09/29 16:39:23;-43,2;14,4
2026/09/29 16:39:24;-54,2;13,4
2026/09/29 16:39:25;-60,8;11,2
2026/09/29 16:39:26;-67,3;9,1
2026/09/29 16:39:27;-73,1;6,1
2026/09/29 16:39:28;-78,6;4,2
2026/09/29 16:39:29;-81,0;2,4
2026/09/29 16:39:30;-85,1;0,6
2026/09/29 16:39:31;-88,8;-1,3
2026/09/29 16:39:32;-95,6;-3,2
2026/09/29 16:39:33;-98,8;-5,1
2026/09/29 16:39:34;-100,3;-7,1
2026/09/29 16:39:35;-103,4;-9,1
2026/09/29 16:39:36;-106,2;-11,1
2026/09/29 16:39:37;-108,9;-13,2
2026/09/29 16:39:38;-111,5;-15,3
2026/09/29 16:39:39;-114,0;-17,4
2026/09/29 16:39:40;-116,3;-19,5
2026/09/29 16:39:41;-118,6;-21,6
2026/09/29 16:39:42;-120,7;-23,7
2026/09/29 16:39:43;-122,8;-25,5
2026/09/29 16:39:44;-124,8;-26,6
2026/09/29 16:39:45;-125,8;-28,4
2026/09/29 16:39:46;-127,8;-30,2
2026/09/29 16:39:47;-129,7;-31,8
2026/09/29 16:39:48;-132,4;-33,7
2026/09/29 16:39:49;-134,1;-36,7
2026/09/29 16:39:50;-135,9;-39,0
2026/09/29 16:39:51;-138,4;-41,5
2026/09/29 16:39:52;-140,1;-44,0
2026/09/29 16:39:53;-141,8;-46,7
2026/09/29 16:39:54;-143,4;-49,2
2026/09/29 16:39:55;-144,3;-50,7
2026/09/29 16:39:56;-145,8;-53,4
2026/09/29 16:39:57;-147,3;-56,1
2026/09/29 16:39:58;-149,0;-60,3
2026/09/29 16:39:59;-149,7;-63,0
2026/09/29 16:40:00;-151,3;-65,9
2026/09/29 16:40:01;-152,9;-68,7
2026/09/29 16:40:02;-154,3;-71,6
2026/09/29 16:40:03;-156,4;-74,5
2026/09/29 16:40:04;-157,9;-75,8
2026/09/29 16:40:05;-159,4;-78,7
2026/09/29 16:40:06;-161,0;-81,6
2026/09/29 16:40:07;-162,4;-84,4
2026/09/29 16:40:08;-163,6;-88,6
2026/09/29 16:40:09;-165,5;-91,4
2026/09/29 16:40:10;-166,8;-94,1
2026/09/29 16:40:11;-168,1;-96,7
2026/09/29 16:40:12;-169,3;-99,5
2026/09/29 16:40:13;-170,5;-102,2
2026/09/29 16:40:14;-170,5;-104,9
2026/09/29 16:40:15;-171,7;-107,6
2026/09/29 16:40:16;-172,9;-110,2
2026/09/29 16:40:17;-174,0;-111,5
2026/09/29 16:40:18;-175,2;-114,1
2026/09/29 16:40:19;-176,4;-116,8
2026/09/29 16:40:20;-177,9;-119,6
2026/09/29 16:40:21;-178,3;-122,7
2026/09/29 16:40:22;-179,6;-127,8
2026/09/29 16:40:23;-180,5;-131,9
2026/09/29 16:40:24;-181,0;-133,6
2026/09/29 16:40:25;-182,8;-136,8
2026/09/29 16:40:26;-183,8;-141,1
2026/09/29 16:40:27;-184,7;-142,5
2026/09/29 16:40:28;-185,4;-146,1
2026/09/29 16:40:29;-185,8;-148,4
2026/09/29 16:40:30;-186,8;-149,4
2026/09/29 16:40:31;-187,7;-151,3
2026/09/29 16:40:32;-188,4;-154,0
2026/09/29 16:40:33;-188,9;-154,9
2026/09/29 16:40:34;-189,6;-157,1
2026/09/29 16:40:35;-189,2;-158,6
2026/09/29 16:40:36;-190,0;-159,8
2026/09/29 16:40:37;-190,7;-160,5
2026/09/29 16:40:38;-191,3;-161,7
2026/09/29 16:40:39;-191,6;-163,2
2026/09/29 16:40:40;-192,0;-164,2
2026/09/29 16:40:41;-192,5;-165,2
2026/09/29 16:40:42;-193,0;-166,1
2026/09/29 16:40:43;-192,9;-166,8
2026/09/29 16:40:44;-193,4;-167,6
2026/09/29 16:40:45;-193,8;-168,4
2026/09/29 16:40:46;-194,2;-169,0
2026/09/29 16:40:47;-194,6;-169,6
2026/09/29 16:40:48;-195,1;-170,2
2026/09/29 16:40:49;-195,4;-170,7
2026/09/29 16:40:50;-195,7;-171,4
2026/09/29 16:40:51;-196,0;-171,8
2026/09/29 16:40:52;-196,4;-172,0
2026/09/29 16:40:53;-196,4;-172,5
2026/09/29 16:40:54;-196,7;-172,9
2026/09/29 16:40:55;-196,9;-173,2
2026/09/29 16:40:56;-197,1;-173,6
2026/09/29 16:40:57;-197,4;-173,9
2026/09/29 16:40:58;-197,9;-174,5
2026/09/29 16:40:59;-198,0;-174,7
2026/09/29 16:41:00;-198,4;-174,9
2026/09/29 16:41:01;-198,6;-175,2
2026/09/29 16:41:02;-198,8;-175,4
2026/09/29 16:41:03;-199,2;-175,7
2026/09/29 16:41:04;-199,2;-175,8
2026/09/29 16:41:05;-199,4;-176,0
2026/09/29 16:41:06;-198,9;-176,3
2026/09/29 16:41:07;-199,0;-176,4
2026/09/29 16:41:08;-199,1;-176,5
2026/09/29 16:41:09;-199,1;-176,7
2026/09/29 16:41:10;-199,3;-176,9
2026/09/29 16:41:11;-199,3;-177,1
2026/09/29 16:41:12;-199,4;-177,4
2026/09/29 16:41:13;-199,4;-177,5
2026/09/29 16:41:14;-199,6;-177,7
2026/09/29 16:41:15;-199,6;-177,9
2026/09/29 16:41:16;-199,7;-178,1
2026/09/29 16:41:17;-199,7;-178,1
2026/09/29 16:41:18;-199,7;-178,3
2026/09/29 16:41:19;-199,8;-178,3
2026/09/29 16:41:20;-199,8;-178,5
2026/09/29 16:41:21;-199,9;-178,6
2026/09/29 16:41:22;-199,9;-178,7
2026/09/29 16:41:23;-200,1;-178,8
2026/09/29 16:41:24;-199,9;-178,8
2026/09/29 16:41:25;-199,3;-178,9
2026/09/29 16:41:26;-198,7;-178,9
2026/09/29 16:41:27;-197,1;-178,9
2026/09/29 16:41:28;-196,2;-178,8
2026/09/29 16:41:29;-186,7;-176,0
2026/09/29 16:41:30;-186,7;-167,5
2026/09/29 16:41:31;-179,4;-158,5
2026/09/29 16:41:32;-172,0;-144,6
2026/09/29 16:41:33;-165,0;-135,5
2026/09/29 16:41:34;-158,1;-131,2
2026/09/29 16:41:35;-151,3;-123,5
2026/09/29 16:41:36;-144,6;-119,0
2026/09/29 16:41:37;-139,3;-116,8
2026/09/29 16:41:38;-135,5;-113,5
2026/09/29 16:41:39;-132,6;-107,7
2026/09/29 16:41:40;-128,8;-103,9
2026/09/29 16:41:41;-120,8;-100,0
2026/09/29 16:41:42;-117,0;-96,2
2026/09/29 16:41:43;-113,2;-92,4
2026/09/29 16:41:44;-109,4;-88,7
2026/09/29 16:41:45;-105,9;-84,9
2026/09/29 16:41:46;-102,2;-81,0
2026/09/29 16:41:47;-98,6;-79,0
2026/09/29 16:41:48;-95,0;-74,8
2026/09/29 16:41:49;-95,0;-70,5
2026/09/29 16:41:50;-91,4;-64,4
2026/09/29 16:41:51;-87,7;-60,9
2026/09/29 16:41:52;-84,1;-57,3
2026/09/29 16:41:53;-80,4;-53,9
2026/09/29 16:41:54;-76,5;-52,1
2026/09/29 16:41:55;-72,6;-48,7
2026/09/29 16:41:56;-68,6;-45,5
2026/09/29 16:41:57;-64,4;-41,2
2026/09/29 16:41:58;-60,4;-38,0
2026/09/29 16:41:59;-56,5;-34,0
2026/09/29 16:42:00;-49,8;-30,1
2026/09/29 16:42:01;-46,9;-26,2
2026/09/29 16:42:02;-44,2;-22,5
2026/09/29 16:42:03;-41,2;-19,0
2026/09/29 16:42:04;-37,7;-15,5
2026/09/29 16:42:05;-34,0;-11,9
2026/09/29 16:42:06;-30,4;-8,5
2026/09/29 16:42:07;-26,8;-5,1
2026/09/29 16:42:08;-23,0;-1,7
2026/09/29 16:42:09;-19,4;1,6
2026/09/29 16:42:10;-15,9;4,7
2026/09/29 16:42:11;-12,9;7,9
2026/09/29 16:42:12;-10,2;12,4
2026/09/29 16:42:13;-7,3;15,5
2026/09/29 16:42:14;-7,3;15,5
2026/09/29 16:42:15;-4,5;18,5
2026/09/29 16:42:16;-1,7;23,1
2026/09/29 16:42:17;1,0;26,0
2026/09/29 16:42:18;3,7;28,7
2026/09/29 16:42:19;6,4;31,3
2026/09/29 16:42:20;9,0;33,9
2026/09/29 16:42:21;11,7;36,5
2026/09/29 16:42:22;14,2;39,2
2026/09/29 16:42:23;19,3;40,5
2026/09/29 16:42:24;21,7;43,1
2026/09/29 16:42:25;24,3;45,5
2026/09/29 16:42:26;26,6;48,0
2026/09/29 16:42:27;26,3;50,1
2026/09/29 16:42:28;25,9;49,1
2026/09/29 16:42:29;25,4;46,0
2026/09/29 16:42:30;25,3;42,7
2026/09/29 16:42:31;25,0;39,2
2026/09/29 16:42:32;25,0;39,2
2026/09/29 16:42:33;24,8;38,3
2026/09/29 16:42:34;24,6;37,2
2026/09/29 16:42:35;24,5;36,5
2026/09/29 16:42:36;24,3;36,1
2026/09/29 16:42:37;24,2;35,6
2026/09/29 16:42:38;24,0;35,4
2026/09/29 16:42:39;23,8;35,0
2026/09/29 16:42:40;23,8;34,6
2026/09/29 16:42:41;23,5;34,0
2026/09/29 16:42:42;23,4;33,8
2026/09/29 16:42:43;23,2;33,4
2026/09/29 16:42:44;23,3;33,0
2026/09/29 16:42:45;23,0;32,5
2026/09/29 16:42:46;23,1;32,4
2026/09/29 16:42:47;23,1;32,0
2026/09/29 16:42:48;23,1;31,7
2026/09/29 16:42:49;22,9;31,2
2026/09/29 16:42:50;22,9;30,8
2026/09/29 16:42:51;22,7;30,5
2026/09/29 16:42:52;22,6;30,2
2026/09/29 16:42:53;22,6;29,8
2026/09/29 16:42:54;22,5;29,5
2026/09/29 16:42:55;22,5;29,2
2026/09/29 16:42:56;22,4;28,8
2026/09/29 16:42:57;22,3;28,5
2026/09/29 16:42:58;22,2;28,3
2026/09/29 16:42:59;22,2;28,0
2026/09/29 16:43:00;22,0;27,6
2026/09/29 16:43:01;22,0;27,5
2026/09/29 16:43:02;21,8;27,2
2026/09/29 16:43:03;21,8;26,8
2026/09/29 16:43:04;21,7;26,7
2026/09/29 16:43:05;21,7;26,5
2026/09/29 16:43:06;21,6;26,2
2026/09/29 16:43:07;21,6;26,0
2026/09/29 16:43:08;21,5;25,7
2026/09/29 16:43:09;21,4;25,3
2026/09/29 16:43:10;21,3;25,1
2026/09/29 16:43:11;21,3;24,9
2026/09/29 16:43:12;21,3;24,7
2026/09/29 16:43:13;21,2;24,5
2026/09/29 16:43:14;21,2;24,3
2026/09/29 16:43:15;21,0;24,1
2026/09/29 16:43:16;21,0;23,9
2026/09/29 16:43:17;20,9;23,6
2026/09/29 16:43:18;20,9;23,4
2026/09/29 16:43:19;20,8;23,3
2026/09/29 16:43:20;20,5;23,1
2026/09/29 16:43:21;20,4;22,9
2026/09/29 16:43:22;20,5;22,8
2026/09/29 16:43:23;20,5;22,7
2026/09/29 16:43:24;20,5;22,5
2026/09/29 16:43:25;20,3;22,4
2026/09/29 16:43:26;20,2;22,1
2026/09/29 16:43:27;20,2;21,9
