sep=;
;Unit:C
;
24000732-COM3;2
Time stamp;24000732-Channel_01;24000732-Channel_02
 ;1;2
2026/09/29 16:33:02;20,3;20,2
2026/09/29 16:33:03;20,3;20,2
2026/09/29 16:33:04;20,3;20,2
2026/09/29 16:33:05;20,3;20,2
2026/09/29 16:33:06;20,3;20,3
2026/09/29 16:33:07;20,3;20,3
2026/09/29 16:33:08;20,3;20,4
2026/09/29 16:33:09;20,2;20,5
2026/09/29 16:33:10;20,3;20,5
2026/09/29 16:33:11;20,2;20,5
2026/09/29 16:33:12;20,1;20,5
2026/09/29 16:33:13;19,1;20,5
2026/09/29 16:33:14;13,6;20,5
2026/09/29 16:33:15;5,1;20,5
2026/09/29 16:33:16;-4,5;20,5
2026/09/29 16:33:17;-14,5;20,3
2026/09/29 16:33:18;-27,5;19,8
2026/09/29 16:33:19;-37,8;19,8
2026/09/29 16:33:20;-44,2;16,6
2026/09/29 16:33:21;-51,4;14,4
2026/09/29 16:33:22;-58,2;12,2
2026/09/29 16:33:23;-64,2;10,0
2026/09/29 16:33:24;-69,3;7,9
2026/09/29 16:33:25;-73,9;5,8
2026/09/29 16:33:26;-78,5;3,9
2026/09/29 16:33:27;-82,5;2,0
2026/09/29 16:33:28;-86,5;1,1
2026/09/29 16:33:29;-90,1;-0,9
2026/09/29 16:33:30;-93,5;-2,8
2026/09/29 16:33:31;-97,3;-5,8
2026/09/29 16:33:32;-100,8;-7,8
2026/09/29 16:33:33;-105,3;-9,9
2026/09/29 16:33:34;-108,2;-11,8
2026/09/29 16:33:35;-110,9;-13,8
2026/09/29 16:33:36;-112,2;-15,9
2026/09/29 16:33:37;-114,8;-18,0
2026/09/29 16:33:38;-117,0;-20,1
2026/09/29 16:33:39;-119,4;-22,2
2026/09/29 16:33:40;-120,5;-24,3
2026/09/29 16:33:41;-122,7;-26,2
2026/09/29 16:33:42;-125,9;-28,2
2026/09/29 16:33:43;-126,8;-29,0
2026/09/29 16:33:44;-128,7;-30,9
2026/09/29 16:33:45;-130,6;-32,5
2026/09/29 16:33:46;-134,3;-35,3
2026/09/29 16:33:47;-136,0;-37,3
2026/09/29 16:33:48;-137,0;-39,4
2026/09/29 16:33:49;-139,5;-41,7
2026/09/29 16:33:50;-141,2;-44,2
2026/09/29 16:33:51;-142,0;-46,7
2026/09/29 16:33:52;-143,6;-47,9
2026/09/29 16:33:53;-145,3;-50,5
2026/09/29 16:33:54;-146,8;-53,1
2026/09/29 16:33:55;-148,4;-57,3
2026/09/29 16:33:56;-150,7;-60,0
2026/09/29 16:33:57;-150,7;-60,0
2026/09/29 16:33:58;-153,0;-62,7
2026/09/29 16:33:59;-154,4;-68,4
2026/09/29 16:34:00;-155,9;-71,2
2026/09/29 16:34:01;-157,4;-72,6
2026/09/29 16:34:02;-158,8;-75,5
2026/09/29 16:34:03;-160,3;-78,3
2026/09/29 16:34:04;-161,7;-81,2
2026/09/29 16:34:05;-162,4;-84,1
2026/09/29 16:34:06;-163,7;-86,8
2026/09/29 16:34:07;-165,3;-89,6
2026/09/29 16:34:08;-166,6;-93,7
2026/09/29 16:34:09;-168,1;-96,4
2026/09/29 16:34:10;-169,5;-99,2
2026/09/29 16:34:11;-170,9;-102,0
2026/09/29 16:34:12;-172,4;-104,7
2026/09/29 16:34:13;-173,5;-107,4
2026/09/29 16:34:14;-174,9;-110,0
2026/09/29 16:34:15;-176,3;-112,7
2026/09/29 16:34:16;-177,4;-115,4
2026/09/29 16:34:17;-178,1;-118,3
2026/09/29 16:34:18;-179,3;-121,2
2026/09/29 16:34:19;-180,3;-124,7
2026/09/29 16:34:20;-180,8;-128,3
2026/09/29 16:34:21;-181,9;-131,9
2026/09/29 16:34:22;-182,8;-135,2
2026/09/29 16:34:23;-183,8;-138,2
2026/09/29 16:34:24;-184,7;-140,9
2026/09/29 16:34:25;-185,7;-143,4
2026/09/29 16:34:26;-186,5;-145,7
2026/09/29 16:34:27;-187,9;-147,8
2026/09/29 16:34:28;-188,7;-149,7
2026/09/29 16:34:29;-185,0;-152,0
2026/09/29 16:34:30;-185,7;-153,8
2026/09/29 16:34:31;-186,5;-155,4
2026/09/29 16:34:32;-187,3;-156,8
2026/09/29 16:34:33;-188,1;-158,1
2026/09/29 16:34:34;-188,7;-159,3
2026/09/29 16:34:35;-188,9;-160,5
2026/09/29 16:34:36;-188,9;-161,0
2026/09/29 16:34:37;-189,1;-162,2
2026/09/29 16:34:38;-189,4;-163,1
2026/09/29 16:34:39;-189,7;-163,8
2026/09/29 16:34:40;-189,8;-165,0
2026/09/29 16:34:41;-189,9;-165,7
2026/09/29 16:34:42;-190,0;-166,2
2026/09/29 16:34:43;-190,2;-166,7
2026/09/29 16:34:44;-190,5;-167,2
2026/09/29 16:34:45;-190,7;-167,6
2026/09/29 16:34:46;-191,1;-168,1
2026/09/29 16:34:47;-191,1;-168,4
2026/09/29 16:34:48;-191,4;-168,5
2026/09/29 16:34:49;-191,6;-168,8
2026/09/29 16:34:50;-191,8;-169,1
2026/09/29 16:34:51;-192,1;-169,3
2026/09/29 16:34:52;-192,3;-169,5
2026/09/29 16:34:53;-192,4;-169,7
2026/09/29 16:34:54;-192,6;-169,9
2026/09/29 16:34:55;-192,8;-170,0
2026/09/29 16:34:56;-192,9;-170,2
2026/09/29 16:34:57;-193,0;-170,4
2026/09/29 16:34:58;-193,1;-170,6
2026/09/29 16:34:59;-193,4;-170,7
2026/09/29 16:35:00;-193,5;-170,9
2026/09/29 16:35:01;-193,6;-171,0
2026/09/29 16:35:02;-193,8;-171,3
2026/09/29 16:35:03;-193,9;-171,4
2026/09/29 16:35:04;-194,1;-171,5
2026/09/29 16:35:05;-194,2;-171,6
2026/09/29 16:35:06;-194,3;-171,7
2026/09/29 16:35:07;-194,4;-171,8
2026/09/29 16:35:08;-194,4;-171,9
2026/09/29 16:35:09;-194,5;-172,0
2026/09/29 16:35:10;-194,5;-172,1
2026/09/29 16:35:11;-194,6;-172,1
2026/09/29 16:35:12;-194,7;-172,2
2026/09/29 16:35:13;-194,8;-172,4
2026/09/29 16:35:14;-194,7;-172,5
2026/09/29 16:35:15;-194,4;-172,5
2026/09/29 16:35:16;-190,8;-172,6
2026/09/29 16:35:17;-187,5;-167,7
2026/09/29 16:35:18;-181,3;-160,3
2026/09/29 16:35:19;-175,4;-145,3
2026/09/29 16:35:20;-169,1;-145,3
2026/09/29 16:35:21;-163,0;-137,9
2026/09/29 16:35:22;-159,7;-131,2
2026/09/29 16:35:23;-153,3;-125,4
2026/09/29 16:35:24;-147,0;-121,3
2026/09/29 16:35:25;-141,4;-118,9
2026/09/29 16:35:26;-137,2;-116,5
2026/09/29 16:35:27;-133,9;-113,7
2026/09/29 16:35:28;-131,1;-110,6
2026/09/29 16:35:29;-124,4;-107,6
2026/09/29 16:35:30;-121,1;-104,5
2026/09/29 16:35:31;-117,9;-101,4
2026/09/29 16:35:32;-114,5;-98,4
2026/09/29 16:35:33;-111,4;-94,0
2026/09/29 16:35:34;-108,2;-91,0
2026/09/29 16:35:35;-105,0;-88,0
2026/09/29 16:35:36;-102,0;-86,5
2026/09/29 16:35:37;-98,9;-83,5
2026/09/29 16:35:38;-98,9;-80,3
2026/09/29 16:35:39;-96,0;-75,3
2026/09/29 16:35:40;-92,9;-71,6
2026/09/29 16:35:41;-89,8;-68,3
2026/09/29 16:35:42;-85,2;-65,2
2026/09/29 16:35:43;-81,9;-62,2
2026/09/29 16:35:44;-78,8;-59,3
2026/09/29 16:35:45;-75,4;-56,4
2026/09/29 16:35:46;-72,0;-53,5
2026/09/29 16:35:47;-66,7;-50,7
2026/09/29 16:35:48;-63,3;-49,2
2026/09/29 16:35:49;-59,8;-46,5
2026/09/29 16:35:50;-56,7;-44,0
2026/09/29 16:35:51;-53,5;-41,4
2026/09/29 16:35:52;-50,8;-38,9
2026/09/29 16:35:53;-48,2;-35,5
2026/09/29 16:35:54;-45,9;-32,0
2026/09/29 16:35:55;-45,9;-28,6
2026/09/29 16:35:56;-43,5;-25,4
2026/09/29 16:35:57;-40,9;-22,2
2026/09/29 16:35:58;-37,7;-17,5
2026/09/29 16:35:59;-34,3;-14,4
2026/09/29 16:36:00;-31,0;-11,3
2026/09/29 16:36:01;-27,9;-8,2
2026/09/29 16:36:02;-24,9;-5,2
2026/09/29 16:36:03;-21,8;-2,2
2026/09/29 16:36:04;-18,6;0,8
2026/09/29 16:36:05;-15,6;3,6
2026/09/29 16:36:06;-13,1;5,0
2026/09/29 16:36:07;-8,3;7,8
2026/09/29 16:36:08;-5,8;10,6
2026/09/29 16:36:09;-3,2;13,4
2026/09/29 16:36:10;-0,9;16,2
2026/09/29 16:36:11;1,3;18,8
2026/09/29 16:36:12;3,7;21,6
2026/09/29 16:36:13;6,1;24,4
2026/09/29 16:36:14;6,1;26,9
2026/09/29 16:36:15;8,3;29,3
2026/09/29 16:36:16;10,7;31,8
2026/09/29 16:36:17;12,9;35,4
2026/09/29 16:36:18;15,2;37,8
2026/09/29 16:36:19;17,5;39,0
2026/09/29 16:36:20;19,5;42,5
2026/09/29 16:36:21;21,9;44,8
2026/09/29 16:36:22;25,3;46,8
2026/09/29 16:36:23;25,1;46,1
2026/09/29 16:36:24;24,9;44,9
2026/09/29 16:36:25;24,7;42,9
2026/09/29 16:36:26;24,4;40,4
2026/09/29 16:36:27;24,2;38,2
2026/09/29 16:36:28;23,8;37,5
2026/09/29 16:36:29;23,6;36,2
2026/09/29 16:36:30;23,6;35,3
2026/09/29 16:36:31;23,3;34,6
2026/09/29 16:36:32;23,1;33,7
2026/09/29 16:36:33;22,9;33,3
2026/09/29 16:36:34;22,8;32,8
2026/09/29 16:36:35;22,6;32,6
2026/09/29 16:36:36;22,5;32,2
2026/09/29 16:36:37;22,4;31,7
2026/09/29 16:36:38;22,2;31,3
2026/09/29 16:36:39;22,0;30,9
2026/09/29 16:36:40;22,0;30,6
2026/09/29 16:36:41;21,8;30,3
2026/09/29 16:36:42;21,8;30,0
2026/09/29 16:36:43;21,7;29,7
2026/09/29 16:36:44;21,6;29,4
2026/09/29 16:36:45;21,5;29,3
2026/09/29 16:36:46;21,5;29,0
2026/09/29 16:36:47;21,4;28,7
2026/09/29 16:36:48;21,3;28,5
2026/09/29 16:36:49;21,3;28,2
2026/09/29 16:36:50;21,3;27,9
2026/09/29 16:36:51;21,2;27,6
2026/09/29 16:36:52;20,9;27,4
2026/09/29 16:36:53;21,0;27,1
2026/09/29 16:36:54;20,9;26,9
2026/09/29 16:36:55;20,9;26,6
2026/09/29 16:36:56;20,6;26,5
2026/09/29 16:36:57;20,4;26,3
2026/09/29 16:36:58;20,3;26,1
2026/09/29 16:36:59;20,2;25,9
2026/09/29 16:37:00;20,2;25,6
2026/09/29 16:37:01;20,1;25,5
2026/09/29 16:37:02;20,0;25,2
2026/09/29 16:37:03;20,0;25,0
2026/09/29 16:37:04;20,0;24,8
2026/09/29 16:37:05;19,9;24,6
2026/09/29 16:37:06;19,8;24,4
2026/09/29 16:37:07;19,6;24,2
2026/09/29 16:37:08;19,6;24,1
2026/09/29 16:37:09;19,6;23,9
2026/09/29 16:37:10;19,5;23,7
2026/09/29 16:37:11;19,4;23,5
2026/09/29 16:37:12;19,4;23,3
2026/09/29 16:37:13;19,3;23,1
2026/09/29 16:37:14;19,2;22,9
2026/09/29 16:37:15;19,1;22,8
2026/09/29 16:37:16;19,0;22,6
2026/09/29 16:37:17;19,0;22,5
